timestamp,map,iteration,nodes_expanded,solution_cost,border_nodes_count,execution_time,algorithm,heuristic,solution_found,solution_length,total_time,map_name,algorithm_heuristic
2025-08-25T17:07:47.095378,maps/Map1.txt,1,55,6,30,0.0009951591491699219,BFS,,True,6,0.001007080078125,Map1,BFS
2025-08-25T17:07:47.096311,maps/Map1.txt,2,55,6,30,0.0006670951843261719,BFS,,True,6,0.0006730556488037109,Map1,BFS
2025-08-25T17:07:47.097410,maps/Map1.txt,3,55,6,30,0.0008211135864257812,BFS,,True,6,0.0008261203765869141,Map1,BFS
2025-08-25T17:07:47.098302,maps/Map1.txt,4,55,6,30,0.0006721019744873047,BFS,,True,6,0.0006759166717529297,Map1,BFS
2025-08-25T17:07:47.099186,maps/Map1.txt,5,55,6,30,0.0006561279296875,BFS,,True,6,0.0006601810455322266,Map1,BFS
2025-08-25T17:07:47.100471,maps/Map1.txt,6,55,6,30,0.0010402202606201172,BFS,,True,6,0.001049041748046875,Map1,BFS
2025-08-25T17:07:47.101550,maps/Map1.txt,7,55,6,30,0.0006546974182128906,BFS,,True,6,0.000659942626953125,Map1,BFS
2025-08-25T17:07:47.102619,maps/Map1.txt,8,55,6,30,0.0008418560028076172,BFS,,True,6,0.0008471012115478516,Map1,BFS
2025-08-25T17:07:47.103497,maps/Map1.txt,9,55,6,30,0.0006618499755859375,BFS,,True,6,0.0006656646728515625,Map1,BFS
2025-08-25T17:07:47.104522,maps/Map1.txt,10,55,6,30,0.0007569789886474609,BFS,,True,6,0.0007627010345458984,Map1,BFS
2025-08-25T17:07:47.107516,maps/Map1.txt,1,143,36,34,0.002630949020385742,DFS,,True,36,0.0026710033416748047,Map1,DFS
2025-08-25T17:07:47.113978,maps/Map1.txt,2,143,36,34,0.005691051483154297,DFS,,True,36,0.005703926086425781,Map1,DFS
2025-08-25T17:07:47.116203,maps/Map1.txt,3,143,36,34,0.0017571449279785156,DFS,,True,36,0.00179290771484375,Map1,DFS
2025-08-25T17:07:47.118247,maps/Map1.txt,4,143,36,34,0.0017070770263671875,DFS,,True,36,0.0017108917236328125,Map1,DFS
2025-08-25T17:07:47.120286,maps/Map1.txt,5,143,36,34,0.0018050670623779297,DFS,,True,36,0.0018129348754882812,Map1,DFS
2025-08-25T17:07:47.123548,maps/Map1.txt,6,143,36,34,0.002625703811645508,DFS,,True,36,0.0026438236236572266,Map1,DFS
2025-08-25T17:07:47.127005,maps/Map1.txt,7,143,36,34,0.0027360916137695312,DFS,,True,36,0.002749204635620117,Map1,DFS
2025-08-25T17:07:47.129884,maps/Map1.txt,8,143,36,34,0.0019991397857666016,DFS,,True,36,0.0020160675048828125,Map1,DFS
2025-08-25T17:07:47.132305,maps/Map1.txt,9,143,36,34,0.0020911693572998047,DFS,,True,36,0.0020999908447265625,Map1,DFS
2025-08-25T17:07:47.134447,maps/Map1.txt,10,143,36,34,0.0017137527465820312,DFS,,True,36,0.0017189979553222656,Map1,DFS
2025-08-25T17:07:47.134888,maps/Map1.txt,1,10,6,7,0.0001862049102783203,Greedy,Manhattan,True,6,0.00019311904907226562,Map1,Greedy_Manhattan
2025-08-25T17:07:47.135258,maps/Map1.txt,2,10,6,7,0.00013780593872070312,Greedy,Manhattan,True,6,0.0001442432403564453,Map1,Greedy_Manhattan
2025-08-25T17:07:47.135842,maps/Map1.txt,3,10,6,7,0.0002849102020263672,Greedy,Manhattan,True,6,0.0002899169921875,Map1,Greedy_Manhattan
2025-08-25T17:07:47.136340,maps/Map1.txt,4,10,6,7,0.00020885467529296875,Greedy,Manhattan,True,6,0.0002129077911376953,Map1,Greedy_Manhattan
2025-08-25T17:07:47.136711,maps/Map1.txt,5,10,6,7,0.0001361370086669922,Greedy,Manhattan,True,6,0.00013971328735351562,Map1,Greedy_Manhattan
2025-08-25T17:07:47.137070,maps/Map1.txt,6,10,6,7,0.0001518726348876953,Greedy,Manhattan,True,6,0.00015497207641601562,Map1,Greedy_Manhattan
2025-08-25T17:07:47.137407,maps/Map1.txt,7,10,6,7,0.00013589859008789062,Greedy,Manhattan,True,6,0.00013899803161621094,Map1,Greedy_Manhattan
2025-08-25T17:07:47.137769,maps/Map1.txt,8,10,6,7,0.0001881122589111328,Greedy,Manhattan,True,6,0.00019288063049316406,Map1,Greedy_Manhattan
2025-08-25T17:07:47.138178,maps/Map1.txt,9,10,6,7,0.0001437664031982422,Greedy,Manhattan,True,6,0.00014781951904296875,Map1,Greedy_Manhattan
2025-08-25T17:07:47.138547,maps/Map1.txt,10,10,6,7,0.00015115737915039062,Greedy,Manhattan,True,6,0.00015497207641601562,Map1,Greedy_Manhattan
2025-08-25T17:07:47.138925,maps/Map1.txt,1,10,6,7,0.00015878677368164062,Greedy,Euclidean,True,6,0.00016427040100097656,Map1,Greedy_Euclidean
2025-08-25T17:07:47.139283,maps/Map1.txt,2,10,6,7,0.00015211105346679688,Greedy,Euclidean,True,6,0.00015687942504882812,Map1,Greedy_Euclidean
2025-08-25T17:07:47.139977,maps/Map1.txt,3,10,6,7,0.0003330707550048828,Greedy,Euclidean,True,6,0.00034165382385253906,Map1,Greedy_Euclidean
2025-08-25T17:07:47.140907,maps/Map1.txt,4,10,6,7,0.0003368854522705078,Greedy,Euclidean,True,6,0.0003509521484375,Map1,Greedy_Euclidean
2025-08-25T17:07:47.141856,maps/Map1.txt,5,10,6,7,0.00034999847412109375,Greedy,Euclidean,True,6,0.0003597736358642578,Map1,Greedy_Euclidean
2025-08-25T17:07:47.143054,maps/Map1.txt,6,10,6,7,0.00020885467529296875,Greedy,Euclidean,True,6,0.0002162456512451172,Map1,Greedy_Euclidean
2025-08-25T17:07:47.143784,maps/Map1.txt,7,10,6,7,0.00019931793212890625,Greedy,Euclidean,True,6,0.00021195411682128906,Map1,Greedy_Euclidean
2025-08-25T17:07:47.144404,maps/Map1.txt,8,10,6,7,0.00015616416931152344,Greedy,Euclidean,True,6,0.00016188621520996094,Map1,Greedy_Euclidean
2025-08-25T17:07:47.144782,maps/Map1.txt,9,10,6,7,0.0001399517059326172,Greedy,Euclidean,True,6,0.00014710426330566406,Map1,Greedy_Euclidean
2025-08-25T17:07:47.145143,maps/Map1.txt,10,10,6,7,0.00015115737915039062,Greedy,Euclidean,True,6,0.00015401840209960938,Map1,Greedy_Euclidean
2025-08-25T17:07:47.145514,maps/Map1.txt,1,10,6,7,0.00015091896057128906,Greedy,Chebyshev,True,6,0.00015592575073242188,Map1,Greedy_Chebyshev
2025-08-25T17:07:47.145882,maps/Map1.txt,2,10,6,7,0.0001537799835205078,Greedy,Chebyshev,True,6,0.00015997886657714844,Map1,Greedy_Chebyshev
2025-08-25T17:07:47.146450,maps/Map1.txt,3,10,6,7,0.0002949237823486328,Greedy,Chebyshev,True,6,0.0003027915954589844,Map1,Greedy_Chebyshev
2025-08-25T17:07:47.147140,maps/Map1.txt,4,10,6,7,0.000186920166015625,Greedy,Chebyshev,True,6,0.00019311904907226562,Map1,Greedy_Chebyshev
2025-08-25T17:07:47.147584,maps/Map1.txt,5,10,6,7,0.00014281272888183594,Greedy,Chebyshev,True,6,0.0001468658447265625,Map1,Greedy_Chebyshev
2025-08-25T17:07:47.147956,maps/Map1.txt,6,10,6,7,0.00013208389282226562,Greedy,Chebyshev,True,6,0.00013685226440429688,Map1,Greedy_Chebyshev
2025-08-25T17:07:47.148302,maps/Map1.txt,7,10,6,7,0.00013589859008789062,Greedy,Chebyshev,True,6,0.00014019012451171875,Map1,Greedy_Chebyshev
2025-08-25T17:07:47.148886,maps/Map1.txt,8,10,6,7,0.0004038810729980469,Greedy,Chebyshev,True,6,0.000408172607421875,Map1,Greedy_Chebyshev
2025-08-25T17:07:47.149192,maps/Map1.txt,9,10,6,7,0.00012803077697753906,Greedy,Chebyshev,True,6,0.00013184547424316406,Map1,Greedy_Chebyshev
2025-08-25T17:07:47.149489,maps/Map1.txt,10,10,6,7,0.00012803077697753906,Greedy,Chebyshev,True,6,0.00013113021850585938,Map1,Greedy_Chebyshev
2025-08-25T17:07:47.149818,maps/Map1.txt,1,12,6,7,0.00015592575073242188,Greedy,Hamming,True,6,0.00015997886657714844,Map1,Greedy_Hamming
2025-08-25T17:07:47.150147,maps/Map1.txt,2,12,6,7,0.00015997886657714844,Greedy,Hamming,True,6,0.000164031982421875,Map1,Greedy_Hamming
2025-08-25T17:07:47.150470,maps/Map1.txt,3,12,6,7,0.00015401840209960938,Greedy,Hamming,True,6,0.00015807151794433594,Map1,Greedy_Hamming
2025-08-25T17:07:47.150806,maps/Map1.txt,4,12,6,7,0.00015473365783691406,Greedy,Hamming,True,6,0.00015783309936523438,Map1,Greedy_Hamming
2025-08-25T17:07:47.151196,maps/Map1.txt,5,12,6,7,0.00021076202392578125,Greedy,Hamming,True,6,0.00021696090698242188,Map1,Greedy_Hamming
2025-08-25T17:07:47.151612,maps/Map1.txt,6,12,6,7,0.00015997886657714844,Greedy,Hamming,True,6,0.000164031982421875,Map1,Greedy_Hamming
2025-08-25T17:07:47.152082,maps/Map1.txt,7,12,6,7,0.0001671314239501953,Greedy,Hamming,True,6,0.00017189979553222656,Map1,Greedy_Hamming
2025-08-25T17:07:47.152519,maps/Map1.txt,8,12,6,7,0.00016307830810546875,Greedy,Hamming,True,6,0.0001678466796875,Map1,Greedy_Hamming
2025-08-25T17:07:47.157378,maps/Map1.txt,9,12,6,7,0.0046329498291015625,Greedy,Hamming,True,6,0.004644632339477539,Map1,Greedy_Hamming
2025-08-25T17:07:47.158090,maps/Map1.txt,10,12,6,7,0.00019407272338867188,Greedy,Hamming,True,6,0.00020194053649902344,Map1,Greedy_Hamming
2025-08-25T17:07:47.159057,maps/Map1.txt,1,21,6,17,0.0005991458892822266,A*,Manhattan,True,6,0.0006270408630371094,Map1,A*_Manhattan
2025-08-25T17:07:47.160351,maps/Map1.txt,2,21,6,17,0.0004951953887939453,A*,Manhattan,True,6,0.0005099773406982422,Map1,A*_Manhattan
2025-08-25T17:07:47.161117,maps/Map1.txt,3,21,6,17,0.0004467964172363281,A*,Manhattan,True,6,0.000453948974609375,Map1,A*_Manhattan
2025-08-25T17:07:47.161765,maps/Map1.txt,4,21,6,17,0.0004379749298095703,A*,Manhattan,True,6,0.0004432201385498047,Map1,A*_Manhattan
2025-08-25T17:07:47.162552,maps/Map1.txt,5,21,6,17,0.0005891323089599609,A*,Manhattan,True,6,0.0005979537963867188,Map1,A*_Manhattan
2025-08-25T17:07:47.163614,maps/Map1.txt,6,21,6,17,0.00044918060302734375,A*,Manhattan,True,6,0.00045680999755859375,Map1,A*_Manhattan
2025-08-25T17:07:47.164324,maps/Map1.txt,7,21,6,17,0.0004470348358154297,A*,Manhattan,True,6,0.00045108795166015625,Map1,A*_Manhattan
2025-08-25T17:07:47.164951,maps/Map1.txt,8,21,6,17,0.00043892860412597656,A*,Manhattan,True,6,0.00044417381286621094,Map1,A*_Manhattan
2025-08-25T17:07:47.165568,maps/Map1.txt,9,21,6,17,0.0004360675811767578,A*,Manhattan,True,6,0.00044226646423339844,Map1,A*_Manhattan
2025-08-25T17:07:47.166184,maps/Map1.txt,10,21,6,17,0.0004353523254394531,A*,Manhattan,True,6,0.00043892860412597656,Map1,A*_Manhattan
2025-08-25T17:07:47.166836,maps/Map1.txt,1,21,6,17,0.00046324729919433594,A*,Euclidean,True,6,0.0004680156707763672,Map1,A*_Euclidean
2025-08-25T17:07:47.167825,maps/Map1.txt,2,21,6,17,0.00047588348388671875,A*,Euclidean,True,6,0.0004830360412597656,Map1,A*_Euclidean
2025-08-25T17:07:47.168559,maps/Map1.txt,3,21,6,17,0.0004627704620361328,A*,Euclidean,True,6,0.00046896934509277344,Map1,A*_Euclidean
2025-08-25T17:07:47.169212,maps/Map1.txt,4,21,6,17,0.00046515464782714844,A*,Euclidean,True,6,0.0004699230194091797,Map1,A*_Euclidean
2025-08-25T17:07:47.169848,maps/Map1.txt,5,21,6,17,0.00045800209045410156,A*,Euclidean,True,6,0.0004630088806152344,Map1,A*_Euclidean
2025-08-25T17:07:47.170480,maps/Map1.txt,6,21,6,17,0.0004570484161376953,A*,Euclidean,True,6,0.0004611015319824219,Map1,A*_Euclidean
2025-08-25T17:07:47.171248,maps/Map1.txt,7,21,6,17,0.0005140304565429688,A*,Euclidean,True,6,0.0005249977111816406,Map1,A*_Euclidean
2025-08-25T17:07:47.172641,maps/Map1.txt,8,21,6,17,0.0006668567657470703,A*,Euclidean,True,6,0.0006918907165527344,Map1,A*_Euclidean
2025-08-25T17:07:47.174754,maps/Map1.txt,9,21,6,17,0.0011928081512451172,A*,Euclidean,True,6,0.0013818740844726562,Map1,A*_Euclidean
2025-08-25T17:07:47.175763,maps/Map1.txt,10,21,6,17,0.0006251335144042969,A*,Euclidean,True,6,0.0006418228149414062,Map1,A*_Euclidean
2025-08-25T17:07:47.176620,maps/Map1.txt,1,21,6,17,0.0004742145538330078,A*,Chebyshev,True,6,0.0004832744598388672,Map1,A*_Chebyshev
2025-08-25T17:07:47.177719,maps/Map1.txt,2,21,6,17,0.0007469654083251953,A*,Chebyshev,True,6,0.0007750988006591797,Map1,A*_Chebyshev
2025-08-25T17:07:47.178619,maps/Map1.txt,3,21,6,17,0.0004909038543701172,A*,Chebyshev,True,6,0.0005009174346923828,Map1,A*_Chebyshev
2025-08-25T17:07:47.179980,maps/Map1.txt,4,21,6,17,0.0004642009735107422,A*,Chebyshev,True,6,0.00047469139099121094,Map1,A*_Chebyshev
2025-08-25T17:07:47.181140,maps/Map1.txt,5,21,6,17,0.0007557868957519531,A*,Chebyshev,True,6,0.0007741451263427734,Map1,A*_Chebyshev
2025-08-25T17:07:47.181940,maps/Map1.txt,6,21,6,17,0.00044918060302734375,A*,Chebyshev,True,6,0.0004558563232421875,Map1,A*_Chebyshev
2025-08-25T17:07:47.182592,maps/Map1.txt,7,21,6,17,0.0004432201385498047,A*,Chebyshev,True,6,0.00044798851013183594,Map1,A*_Chebyshev
2025-08-25T17:07:47.183215,maps/Map1.txt,8,21,6,17,0.0004410743713378906,A*,Chebyshev,True,6,0.00044536590576171875,Map1,A*_Chebyshev
2025-08-25T17:07:47.183830,maps/Map1.txt,9,21,6,17,0.00043964385986328125,A*,Chebyshev,True,6,0.0004448890686035156,Map1,A*_Chebyshev
2025-08-25T17:07:47.184730,maps/Map1.txt,10,21,6,17,0.0004379749298095703,A*,Chebyshev,True,6,0.0004420280456542969,Map1,A*_Chebyshev
2025-08-25T17:07:47.185462,maps/Map1.txt,1,26,6,19,0.0005359649658203125,A*,Hamming,True,6,0.0005400180816650391,Map1,A*_Hamming
2025-08-25T17:07:47.186301,maps/Map1.txt,2,26,6,19,0.0006568431854248047,A*,Hamming,True,6,0.0006656646728515625,Map1,A*_Hamming
2025-08-25T17:07:47.187228,maps/Map1.txt,3,26,6,19,0.0006601810455322266,A*,Hamming,True,6,0.0006701946258544922,Map1,A*_Hamming
2025-08-25T17:07:47.188190,maps/Map1.txt,4,26,6,19,0.0006630420684814453,A*,Hamming,True,6,0.0006709098815917969,Map1,A*_Hamming
2025-08-25T17:07:47.189838,maps/Map1.txt,5,26,6,19,0.0013608932495117188,A*,Hamming,True,6,0.0013737678527832031,Map1,A*_Hamming
2025-08-25T17:07:47.191085,maps/Map1.txt,6,26,6,19,0.0008289813995361328,A*,Hamming,True,6,0.0008440017700195312,Map1,A*_Hamming
2025-08-25T17:07:47.192268,maps/Map1.txt,7,26,6,19,0.0006849765777587891,A*,Hamming,True,6,0.0007023811340332031,Map1,A*_Hamming
2025-08-25T17:07:47.194036,maps/Map1.txt,8,26,6,19,0.0008749961853027344,A*,Hamming,True,6,0.000888824462890625,Map1,A*_Hamming
2025-08-25T17:07:47.195021,maps/Map1.txt,9,26,6,19,0.0005650520324707031,A*,Hamming,True,6,0.0005729198455810547,Map1,A*_Hamming
2025-08-25T17:07:47.196284,maps/Map1.txt,10,26,6,19,0.0006556510925292969,A*,Hamming,True,6,0.0006642341613769531,Map1,A*_Hamming
2025-08-25T17:07:47.303405,maps/Map2.txt,1,6574,31,470,0.10653996467590332,BFS,,True,31,0.10655689239501953,Map2,BFS
2025-08-25T17:07:47.448960,maps/Map2.txt,2,6574,31,470,0.14394211769104004,BFS,,True,31,0.14395904541015625,Map2,BFS
2025-08-25T17:07:47.552138,maps/Map2.txt,3,6574,31,470,0.10172915458679199,BFS,,True,31,0.10174393653869629,Map2,BFS
2025-08-25T17:07:47.662178,maps/Map2.txt,4,6574,31,470,0.10849380493164062,BFS,,True,31,0.10850787162780762,Map2,BFS
2025-08-25T17:07:47.866964,maps/Map2.txt,5,6574,31,470,0.20335793495178223,BFS,,True,31,0.2033705711364746,Map2,BFS
2025-08-25T17:07:47.985839,maps/Map2.txt,6,6574,31,470,0.11689996719360352,BFS,,True,31,0.11691594123840332,Map2,BFS
2025-08-25T17:07:48.154753,maps/Map2.txt,7,6574,31,470,0.16750526428222656,BFS,,True,31,0.16752099990844727,Map2,BFS
2025-08-25T17:07:48.262864,maps/Map2.txt,8,6574,31,470,0.10663199424743652,BFS,,True,31,0.10665011405944824,Map2,BFS
2025-08-25T17:07:48.375530,maps/Map2.txt,9,6574,31,470,0.11127209663391113,BFS,,True,31,0.11128783226013184,Map2,BFS
2025-08-25T17:07:48.563097,maps/Map2.txt,10,6574,31,470,0.1860949993133545,BFS,,True,31,0.1861109733581543,Map2,BFS
2025-08-25T17:07:48.769356,maps/Map2.txt,1,10232,651,766,0.20479607582092285,DFS,,True,651,0.20481491088867188,Map2,DFS
2025-08-25T17:07:48.925601,maps/Map2.txt,2,10232,651,766,0.154710054397583,DFS,,True,651,0.1547260284423828,Map2,DFS
2025-08-25T17:07:49.171952,maps/Map2.txt,3,10232,651,766,0.244981050491333,DFS,,True,651,0.24500179290771484,Map2,DFS
2025-08-25T17:07:49.397444,maps/Map2.txt,4,10232,651,766,0.22399425506591797,DFS,,True,651,0.22401094436645508,Map2,DFS
2025-08-25T17:07:49.559134,maps/Map2.txt,5,10232,651,766,0.1602628231048584,DFS,,True,651,0.1602797508239746,Map2,DFS
2025-08-25T17:07:49.823787,maps/Map2.txt,6,10232,651,766,0.263416051864624,DFS,,True,651,0.2634317874908447,Map2,DFS
2025-08-25T17:07:50.077637,maps/Map2.txt,7,10232,651,766,0.2524230480194092,DFS,,True,651,0.25244808197021484,Map2,DFS
2025-08-25T17:07:50.270306,maps/Map2.txt,8,10232,651,766,0.19121408462524414,DFS,,True,651,0.19123220443725586,Map2,DFS
2025-08-25T17:07:50.546475,maps/Map2.txt,9,10232,651,766,0.27474308013916016,DFS,,True,651,0.2747619152069092,Map2,DFS
2025-08-25T17:07:50.775218,maps/Map2.txt,10,10232,651,766,0.2274019718170166,DFS,,True,651,0.22742033004760742,Map2,DFS
2025-08-25T17:07:50.836708,maps/Map2.txt,1,3128,33,72,0.06002092361450195,Greedy,Manhattan,True,33,0.060040950775146484,Map2,Greedy_Manhattan
2025-08-25T17:07:50.894234,maps/Map2.txt,2,3128,33,72,0.0567166805267334,Greedy,Manhattan,True,33,0.05673408508300781,Map2,Greedy_Manhattan
2025-08-25T17:07:50.952834,maps/Map2.txt,3,3128,33,72,0.057810306549072266,Greedy,Manhattan,True,33,0.05782818794250488,Map2,Greedy_Manhattan
2025-08-25T17:07:51.011042,maps/Map2.txt,4,3128,33,72,0.05735588073730469,Greedy,Manhattan,True,33,0.057374000549316406,Map2,Greedy_Manhattan
2025-08-25T17:07:51.169087,maps/Map2.txt,5,3128,33,72,0.15716195106506348,Greedy,Manhattan,True,33,0.1571788787841797,Map2,Greedy_Manhattan
2025-08-25T17:07:51.222071,maps/Map2.txt,6,3128,33,72,0.05187797546386719,Greedy,Manhattan,True,33,0.0518951416015625,Map2,Greedy_Manhattan
2025-08-25T17:07:51.279066,maps/Map2.txt,7,3128,33,72,0.05622100830078125,Greedy,Manhattan,True,33,0.056236982345581055,Map2,Greedy_Manhattan
2025-08-25T17:07:51.337196,maps/Map2.txt,8,3128,33,72,0.0569310188293457,Greedy,Manhattan,True,33,0.0569610595703125,Map2,Greedy_Manhattan
2025-08-25T17:07:51.394740,maps/Map2.txt,9,3128,33,72,0.05675101280212402,Greedy,Manhattan,True,33,0.05676889419555664,Map2,Greedy_Manhattan
2025-08-25T17:07:51.528341,maps/Map2.txt,10,3128,33,72,0.13283419609069824,Greedy,Manhattan,True,33,0.13285207748413086,Map2,Greedy_Manhattan
2025-08-25T17:07:51.577324,maps/Map2.txt,1,2818,33,50,0.04806685447692871,Greedy,Euclidean,True,33,0.0480809211730957,Map2,Greedy_Euclidean
2025-08-25T17:07:51.629900,maps/Map2.txt,2,2818,33,50,0.05179405212402344,Greedy,Euclidean,True,33,0.051809072494506836,Map2,Greedy_Euclidean
2025-08-25T17:07:51.680666,maps/Map2.txt,3,2818,33,50,0.04987478256225586,Greedy,Euclidean,True,33,0.04988908767700195,Map2,Greedy_Euclidean
2025-08-25T17:07:51.732123,maps/Map2.txt,4,2818,33,50,0.05047202110290527,Greedy,Euclidean,True,33,0.05048799514770508,Map2,Greedy_Euclidean
2025-08-25T17:07:51.784231,maps/Map2.txt,5,2818,33,50,0.05118298530578613,Greedy,Euclidean,True,33,0.05119824409484863,Map2,Greedy_Euclidean
2025-08-25T17:07:51.927623,maps/Map2.txt,6,2818,33,50,0.14250397682189941,Greedy,Euclidean,True,33,0.14252114295959473,Map2,Greedy_Euclidean
2025-08-25T17:07:51.979018,maps/Map2.txt,7,2818,33,50,0.05058002471923828,Greedy,Euclidean,True,33,0.05059385299682617,Map2,Greedy_Euclidean
2025-08-25T17:07:52.029837,maps/Map2.txt,8,2818,33,50,0.05008292198181152,Greedy,Euclidean,True,33,0.050100088119506836,Map2,Greedy_Euclidean
2025-08-25T17:07:52.081315,maps/Map2.txt,9,2818,33,50,0.05065774917602539,Greedy,Euclidean,True,33,0.0506739616394043,Map2,Greedy_Euclidean
2025-08-25T17:07:52.130274,maps/Map2.txt,10,2818,33,50,0.048150062561035156,Greedy,Euclidean,True,33,0.04816317558288574,Map2,Greedy_Euclidean
2025-08-25T17:07:52.179268,maps/Map2.txt,1,2655,49,142,0.048230886459350586,Greedy,Chebyshev,True,49,0.04824495315551758,Map2,Greedy_Chebyshev
2025-08-25T17:07:52.310937,maps/Map2.txt,2,2655,49,142,0.1308760643005371,Greedy,Chebyshev,True,49,0.13089489936828613,Map2,Greedy_Chebyshev
2025-08-25T17:07:52.356080,maps/Map2.txt,3,2655,49,142,0.04424715042114258,Greedy,Chebyshev,True,49,0.04431581497192383,Map2,Greedy_Chebyshev
2025-08-25T17:07:52.410435,maps/Map2.txt,4,2655,49,142,0.05209803581237793,Greedy,Chebyshev,True,49,0.05211591720581055,Map2,Greedy_Chebyshev
2025-08-25T17:07:52.458221,maps/Map2.txt,5,2655,49,142,0.04691314697265625,Greedy,Chebyshev,True,49,0.04693102836608887,Map2,Greedy_Chebyshev
2025-08-25T17:07:52.508226,maps/Map2.txt,6,2655,49,142,0.04906511306762695,Greedy,Chebyshev,True,49,0.049082040786743164,Map2,Greedy_Chebyshev
2025-08-25T17:07:52.553697,maps/Map2.txt,7,2655,49,142,0.04470396041870117,Greedy,Chebyshev,True,49,0.044734954833984375,Map2,Greedy_Chebyshev
2025-08-25T17:07:52.688435,maps/Map2.txt,8,2655,49,142,0.13395404815673828,Greedy,Chebyshev,True,49,0.1339724063873291,Map2,Greedy_Chebyshev
2025-08-25T17:07:52.738357,maps/Map2.txt,9,2655,49,142,0.04912590980529785,Greedy,Chebyshev,True,49,0.04914593696594238,Map2,Greedy_Chebyshev
2025-08-25T17:07:52.787997,maps/Map2.txt,10,2655,49,142,0.04891800880432129,Greedy,Chebyshev,True,49,0.04893612861633301,Map2,Greedy_Chebyshev
2025-08-25T17:07:52.909068,maps/Map2.txt,1,6210,31,470,0.12024712562561035,Greedy,Hamming,True,31,0.12029290199279785,Map2,Greedy_Hamming
2025-08-25T17:07:53.118957,maps/Map2.txt,2,6210,31,470,0.20855498313903809,Greedy,Hamming,True,31,0.20860791206359863,Map2,Greedy_Hamming
2025-08-25T17:07:53.234737,maps/Map2.txt,3,6210,31,470,0.11424803733825684,Greedy,Hamming,True,31,0.11434507369995117,Map2,Greedy_Hamming
2025-08-25T17:07:53.430417,maps/Map2.txt,4,6210,31,470,0.19391226768493652,Greedy,Hamming,True,31,0.19395899772644043,Map2,Greedy_Hamming
2025-08-25T17:07:53.556594,maps/Map2.txt,5,6210,31,470,0.12479281425476074,Greedy,Hamming,True,31,0.12482404708862305,Map2,Greedy_Hamming
2025-08-25T17:07:53.662450,maps/Map2.txt,6,6210,31,470,0.10457587242126465,Greedy,Hamming,True,31,0.10460400581359863,Map2,Greedy_Hamming
2025-08-25T17:07:53.885584,maps/Map2.txt,7,6210,31,470,0.22156596183776855,Greedy,Hamming,True,31,0.22168397903442383,Map2,Greedy_Hamming
2025-08-25T17:07:54.014048,maps/Map2.txt,8,6210,31,470,0.12683391571044922,Greedy,Hamming,True,31,0.126878023147583,Map2,Greedy_Hamming
2025-08-25T17:07:54.279297,maps/Map2.txt,9,6210,31,470,0.26401495933532715,Greedy,Hamming,True,31,0.2640509605407715,Map2,Greedy_Hamming
2025-08-25T17:07:54.405345,maps/Map2.txt,10,6210,31,470,0.12463879585266113,Greedy,Hamming,True,31,0.12468791007995605,Map2,Greedy_Hamming
2025-08-25T17:07:54.509486,maps/Map2.txt,1,2802,31,443,0.10285305976867676,A*,Manhattan,True,31,0.10296010971069336,Map2,A*_Manhattan
2025-08-25T17:07:54.636870,maps/Map2.txt,2,2802,31,443,0.12619900703430176,A*,Manhattan,True,31,0.1265101432800293,Map2,A*_Manhattan
2025-08-25T17:07:54.757685,maps/Map2.txt,3,2802,31,443,0.11962175369262695,A*,Manhattan,True,31,0.11977291107177734,Map2,A*_Manhattan
2025-08-25T17:07:54.965323,maps/Map2.txt,4,2802,31,443,0.20586919784545898,A*,Manhattan,True,31,0.20596098899841309,Map2,A*_Manhattan
2025-08-25T17:07:55.051563,maps/Map2.txt,5,2802,31,443,0.08550810813903809,A*,Manhattan,True,31,0.08560371398925781,Map2,A*_Manhattan
2025-08-25T17:07:55.131619,maps/Map2.txt,6,2802,31,443,0.07927918434143066,A*,Manhattan,True,31,0.07939291000366211,Map2,A*_Manhattan
2025-08-25T17:07:55.227820,maps/Map2.txt,7,2802,31,443,0.09526801109313965,A*,Manhattan,True,31,0.09544873237609863,Map2,A*_Manhattan
2025-08-25T17:07:55.337328,maps/Map2.txt,8,2802,31,443,0.1080009937286377,A*,Manhattan,True,31,0.10816311836242676,Map2,A*_Manhattan
2025-08-25T17:07:55.502995,maps/Map2.txt,9,2802,31,443,0.1647658348083496,A*,Manhattan,True,31,0.16486907005310059,Map2,A*_Manhattan
2025-08-25T17:07:55.579753,maps/Map2.txt,10,2802,31,443,0.07571983337402344,A*,Manhattan,True,31,0.07589411735534668,Map2,A*_Manhattan
2025-08-25T17:07:55.673416,maps/Map2.txt,1,3297,31,492,0.09267902374267578,A*,Euclidean,True,31,0.0928640365600586,Map2,A*_Euclidean
2025-08-25T17:07:55.771927,maps/Map2.txt,2,3297,31,492,0.09753298759460449,A*,Euclidean,True,31,0.09776997566223145,Map2,A*_Euclidean
2025-08-25T17:07:55.858688,maps/Map2.txt,3,3297,31,492,0.08581995964050293,A*,Euclidean,True,31,0.08600091934204102,Map2,A*_Euclidean
2025-08-25T17:07:56.044425,maps/Map2.txt,4,3297,31,492,0.18481111526489258,A*,Euclidean,True,31,0.18507003784179688,Map2,A*_Euclidean
2025-08-25T17:07:56.144398,maps/Map2.txt,5,3297,31,492,0.09871602058410645,A*,Euclidean,True,31,0.09889411926269531,Map2,A*_Euclidean
2025-08-25T17:07:56.238287,maps/Map2.txt,6,3297,31,492,0.09287118911743164,A*,Euclidean,True,31,0.09319090843200684,Map2,A*_Euclidean
2025-08-25T17:07:56.326460,maps/Map2.txt,7,3297,31,492,0.08724784851074219,A*,Euclidean,True,31,0.0874171257019043,Map2,A*_Euclidean
2025-08-25T17:07:56.414769,maps/Map2.txt,8,3297,31,492,0.08743095397949219,A*,Euclidean,True,31,0.08759903907775879,Map2,A*_Euclidean
2025-08-25T17:07:56.602902,maps/Map2.txt,9,3297,31,492,0.1872880458831787,A*,Euclidean,True,31,0.1874687671661377,Map2,A*_Euclidean
2025-08-25T17:07:56.690044,maps/Map2.txt,10,3297,31,492,0.08624100685119629,A*,Euclidean,True,31,0.0864260196685791,Map2,A*_Euclidean
2025-08-25T17:07:56.788609,maps/Map2.txt,1,3783,31,537,0.09750199317932129,A*,Chebyshev,True,31,0.09782004356384277,Map2,A*_Chebyshev
2025-08-25T17:07:56.878765,maps/Map2.txt,2,3783,31,537,0.08923006057739258,A*,Chebyshev,True,31,0.08938193321228027,Map2,A*_Chebyshev
2025-08-25T17:07:57.062732,maps/Map2.txt,3,3783,31,537,0.18303680419921875,A*,Chebyshev,True,31,0.18317890167236328,Map2,A*_Chebyshev
2025-08-25T17:07:57.152627,maps/Map2.txt,4,3783,31,537,0.0890800952911377,A*,Chebyshev,True,31,0.08918905258178711,Map2,A*_Chebyshev
2025-08-25T17:07:57.252150,maps/Map2.txt,5,3783,31,537,0.09868907928466797,A*,Chebyshev,True,31,0.09880518913269043,Map2,A*_Chebyshev
2025-08-25T17:07:57.347597,maps/Map2.txt,6,3783,31,537,0.0946340560913086,A*,Chebyshev,True,31,0.09476208686828613,Map2,A*_Chebyshev
2025-08-25T17:07:57.529009,maps/Map2.txt,7,3783,31,537,0.18056106567382812,A*,Chebyshev,True,31,0.1807231903076172,Map2,A*_Chebyshev
2025-08-25T17:07:57.620832,maps/Map2.txt,8,3783,31,537,0.09075403213500977,A*,Chebyshev,True,31,0.0908968448638916,Map2,A*_Chebyshev
2025-08-25T17:07:57.714483,maps/Map2.txt,9,3783,31,537,0.0927588939666748,A*,Chebyshev,True,31,0.09290122985839844,Map2,A*_Chebyshev
2025-08-25T17:07:57.809374,maps/Map2.txt,10,3783,31,537,0.09399604797363281,A*,Chebyshev,True,31,0.0941321849822998,Map2,A*_Chebyshev
2025-08-25T17:07:58.051810,maps/Map2.txt,1,6287,31,470,0.24159002304077148,A*,Hamming,True,31,0.24177885055541992,Map2,A*_Hamming
2025-08-25T17:07:58.199477,maps/Map2.txt,2,6287,31,470,0.14670515060424805,A*,Hamming,True,31,0.14686894416809082,Map2,A*_Hamming
2025-08-25T17:07:58.352345,maps/Map2.txt,3,6287,31,470,0.15182089805603027,A*,Hamming,True,31,0.15202593803405762,Map2,A*_Hamming
2025-08-25T17:07:58.605169,maps/Map2.txt,4,6287,31,470,0.251845121383667,A*,Hamming,True,31,0.2520289421081543,Map2,A*_Hamming
2025-08-25T17:07:58.753458,maps/Map2.txt,5,6287,31,470,0.14708185195922852,A*,Hamming,True,31,0.14726805686950684,Map2,A*_Hamming
2025-08-25T17:07:58.985628,maps/Map2.txt,6,6287,31,470,0.23118996620178223,A*,Hamming,True,31,0.2313699722290039,Map2,A*_Hamming
2025-08-25T17:07:59.136685,maps/Map2.txt,7,6287,31,470,0.1500542163848877,A*,Hamming,True,31,0.1502208709716797,Map2,A*_Hamming
2025-08-25T17:07:59.286850,maps/Map2.txt,8,6287,31,470,0.14916515350341797,A*,Hamming,True,31,0.14935779571533203,Map2,A*_Hamming
2025-08-25T17:07:59.544318,maps/Map2.txt,9,6287,31,470,0.25651025772094727,A*,Hamming,True,31,0.25666093826293945,Map2,A*_Hamming
2025-08-25T17:07:59.688817,maps/Map2.txt,10,6287,31,470,0.14342188835144043,A*,Hamming,True,31,0.14357995986938477,Map2,A*_Hamming
2025-08-25T17:08:00.026883,maps/Map3.txt,1,20926,78,578,0.3371741771697998,BFS,,True,78,0.3371899127960205,Map3,BFS
2025-08-25T17:08:00.381168,maps/Map3.txt,2,20926,78,578,0.35153698921203613,BFS,,True,78,0.35155606269836426,Map3,BFS
2025-08-25T17:08:00.740315,maps/Map3.txt,3,20926,78,578,0.3558998107910156,BFS,,True,78,0.35591721534729004,Map3,BFS
2025-08-25T17:08:01.094776,maps/Map3.txt,4,20926,78,578,0.35096073150634766,BFS,,True,78,0.35097599029541016,Map3,BFS
2025-08-25T17:08:01.450276,maps/Map3.txt,5,20926,78,578,0.35256505012512207,BFS,,True,78,0.3526132106781006,Map3,BFS
2025-08-25T17:08:01.812315,maps/Map3.txt,6,20926,78,578,0.35867810249328613,BFS,,True,78,0.35869312286376953,Map3,BFS
2025-08-25T17:08:02.185282,maps/Map3.txt,7,20926,78,578,0.36986684799194336,BFS,,True,78,0.36988377571105957,Map3,BFS
2025-08-25T17:08:02.565756,maps/Map3.txt,8,20926,78,578,0.37702107429504395,BFS,,True,78,0.37703704833984375,Map3,BFS
2025-08-25T17:08:02.823373,maps/Map3.txt,9,20926,78,578,0.2542290687561035,BFS,,True,78,0.2542438507080078,Map3,BFS
2025-08-25T17:08:03.221157,maps/Map3.txt,10,20926,78,578,0.39423489570617676,BFS,,True,78,0.39425110816955566,Map3,BFS
2025-08-25T17:08:03.378019,maps/Map3.txt,1,5536,1016,371,0.15353989601135254,DFS,,True,1016,0.15355491638183594,Map3,DFS
2025-08-25T17:08:03.448829,maps/Map3.txt,2,5536,1016,371,0.06980299949645996,DFS,,True,1016,0.06982016563415527,Map3,DFS
2025-08-25T17:08:03.522320,maps/Map3.txt,3,5536,1016,371,0.07234907150268555,DFS,,True,1016,0.07236504554748535,Map3,DFS
2025-08-25T17:08:03.613638,maps/Map3.txt,4,5536,1016,371,0.0903770923614502,DFS,,True,1016,0.09039306640625,Map3,DFS
2025-08-25T17:08:03.778501,maps/Map3.txt,5,5536,1016,371,0.16386985778808594,DFS,,True,1016,0.16388607025146484,Map3,DFS
2025-08-25T17:08:03.849295,maps/Map3.txt,6,5536,1016,371,0.06977605819702148,DFS,,True,1016,0.06979107856750488,Map3,DFS
2025-08-25T17:08:03.923036,maps/Map3.txt,7,5536,1016,371,0.07279491424560547,DFS,,True,1016,0.07280993461608887,Map3,DFS
2025-08-25T17:08:03.992320,maps/Map3.txt,8,5536,1016,371,0.06824302673339844,DFS,,True,1016,0.06826090812683105,Map3,DFS
2025-08-25T17:08:04.151355,maps/Map3.txt,9,5536,1016,371,0.15766406059265137,DFS,,True,1016,0.15768122673034668,Map3,DFS
2025-08-25T17:08:04.232980,maps/Map3.txt,10,5536,1016,371,0.08061885833740234,DFS,,True,1016,0.08063912391662598,Map3,DFS
2025-08-25T17:08:04.253789,maps/Map3.txt,1,1221,104,113,0.01960587501525879,Greedy,Manhattan,True,104,0.019625186920166016,Map3,Greedy_Manhattan
2025-08-25T17:08:04.278122,maps/Map3.txt,2,1221,104,113,0.023718833923339844,Greedy,Manhattan,True,104,0.023740768432617188,Map3,Greedy_Manhattan
2025-08-25T17:08:04.300551,maps/Map3.txt,3,1221,104,113,0.02151203155517578,Greedy,Manhattan,True,104,0.021534204483032227,Map3,Greedy_Manhattan
2025-08-25T17:08:04.326239,maps/Map3.txt,4,1221,104,113,0.024993896484375,Greedy,Manhattan,True,104,0.025068998336791992,Map3,Greedy_Manhattan
2025-08-25T17:08:04.348447,maps/Map3.txt,5,1221,104,113,0.020563840866088867,Greedy,Manhattan,True,104,0.02062392234802246,Map3,Greedy_Manhattan
2025-08-25T17:08:04.371836,maps/Map3.txt,6,1221,104,113,0.02182769775390625,Greedy,Manhattan,True,104,0.02184915542602539,Map3,Greedy_Manhattan
2025-08-25T17:08:04.393399,maps/Map3.txt,7,1221,104,113,0.02083897590637207,Greedy,Manhattan,True,104,0.020944833755493164,Map3,Greedy_Manhattan
2025-08-25T17:08:04.414787,maps/Map3.txt,8,1221,104,113,0.020039796829223633,Greedy,Manhattan,True,104,0.02006077766418457,Map3,Greedy_Manhattan
2025-08-25T17:08:04.437253,maps/Map3.txt,9,1221,104,113,0.021512985229492188,Greedy,Manhattan,True,104,0.02153301239013672,Map3,Greedy_Manhattan
2025-08-25T17:08:04.462674,maps/Map3.txt,10,1221,104,113,0.024649858474731445,Greedy,Manhattan,True,104,0.024693012237548828,Map3,Greedy_Manhattan
2025-08-25T17:08:04.481846,maps/Map3.txt,1,1011,104,103,0.01807880401611328,Greedy,Euclidean,True,104,0.018140077590942383,Map3,Greedy_Euclidean
2025-08-25T17:08:04.503864,maps/Map3.txt,2,1011,104,103,0.020797252655029297,Greedy,Euclidean,True,104,0.020817995071411133,Map3,Greedy_Euclidean
2025-08-25T17:08:04.607374,maps/Map3.txt,3,1011,104,103,0.10296201705932617,Greedy,Euclidean,True,104,0.10298395156860352,Map3,Greedy_Euclidean
2025-08-25T17:08:04.621368,maps/Map3.txt,4,1011,104,103,0.013402223587036133,Greedy,Euclidean,True,104,0.01342010498046875,Map3,Greedy_Euclidean
2025-08-25T17:08:04.639889,maps/Map3.txt,5,1011,104,103,0.01798391342163086,Greedy,Euclidean,True,104,0.018001317977905273,Map3,Greedy_Euclidean
2025-08-25T17:08:04.656698,maps/Map3.txt,6,1011,104,103,0.016210079193115234,Greedy,Euclidean,True,104,0.016231298446655273,Map3,Greedy_Euclidean
2025-08-25T17:08:04.678219,maps/Map3.txt,7,1011,104,103,0.020889997482299805,Greedy,Euclidean,True,104,0.020919084548950195,Map3,Greedy_Euclidean
2025-08-25T17:08:04.694116,maps/Map3.txt,8,1011,104,103,0.015005111694335938,Greedy,Euclidean,True,104,0.01507711410522461,Map3,Greedy_Euclidean
2025-08-25T17:08:04.719047,maps/Map3.txt,9,1011,104,103,0.016389131546020508,Greedy,Euclidean,True,104,0.016415119171142578,Map3,Greedy_Euclidean
2025-08-25T17:08:04.738522,maps/Map3.txt,10,1011,104,103,0.01891469955444336,Greedy,Euclidean,True,104,0.018930912017822266,Map3,Greedy_Euclidean
2025-08-25T17:08:04.794443,maps/Map3.txt,1,3352,90,390,0.05528616905212402,Greedy,Chebyshev,True,90,0.05534195899963379,Map3,Greedy_Chebyshev
2025-08-25T17:08:04.846614,maps/Map3.txt,2,3352,90,390,0.051470279693603516,Greedy,Chebyshev,True,90,0.051518917083740234,Map3,Greedy_Chebyshev
2025-08-25T17:08:04.904261,maps/Map3.txt,3,3352,90,390,0.056864023208618164,Greedy,Chebyshev,True,90,0.056900978088378906,Map3,Greedy_Chebyshev
2025-08-25T17:08:04.957285,maps/Map3.txt,4,3352,90,390,0.05219912528991699,Greedy,Chebyshev,True,90,0.05225229263305664,Map3,Greedy_Chebyshev
2025-08-25T17:08:05.083463,maps/Map3.txt,5,3352,90,390,0.12545394897460938,Greedy,Chebyshev,True,90,0.1255040168762207,Map3,Greedy_Chebyshev
2025-08-25T17:08:05.136944,maps/Map3.txt,6,3352,90,390,0.05247807502746582,Greedy,Chebyshev,True,90,0.052513837814331055,Map3,Greedy_Chebyshev
2025-08-25T17:08:05.191971,maps/Map3.txt,7,3352,90,390,0.05431389808654785,Greedy,Chebyshev,True,90,0.054373979568481445,Map3,Greedy_Chebyshev
2025-08-25T17:08:05.247806,maps/Map3.txt,8,3352,90,390,0.05479764938354492,Greedy,Chebyshev,True,90,0.05486106872558594,Map3,Greedy_Chebyshev
2025-08-25T17:08:05.303753,maps/Map3.txt,9,3352,90,390,0.05499005317687988,Greedy,Chebyshev,True,90,0.05502676963806152,Map3,Greedy_Chebyshev
2025-08-25T17:08:05.354160,maps/Map3.txt,10,3352,90,390,0.04970884323120117,Greedy,Chebyshev,True,90,0.049759864807128906,Map3,Greedy_Chebyshev
2025-08-25T17:08:05.636897,maps/Map3.txt,1,13673,82,597,0.2819981575012207,Greedy,Hamming,True,82,0.28206706047058105,Map3,Greedy_Hamming
2025-08-25T17:08:05.907728,maps/Map3.txt,2,13673,82,597,0.2693939208984375,Greedy,Hamming,True,82,0.26946210861206055,Map3,Greedy_Hamming
2025-08-25T17:08:06.105490,maps/Map3.txt,3,13673,82,597,0.19626712799072266,Greedy,Hamming,True,82,0.19634103775024414,Map3,Greedy_Hamming
2025-08-25T17:08:06.423370,maps/Map3.txt,4,13673,82,597,0.31648802757263184,Greedy,Hamming,True,82,0.3165597915649414,Map3,Greedy_Hamming
2025-08-25T17:08:06.625785,maps/Map3.txt,5,13673,82,597,0.20097088813781738,Greedy,Hamming,True,82,0.20105409622192383,Map3,Greedy_Hamming
2025-08-25T17:08:06.927800,maps/Map3.txt,6,13673,82,597,0.3003969192504883,Greedy,Hamming,True,82,0.3004779815673828,Map3,Greedy_Hamming
2025-08-25T17:08:07.199351,maps/Map3.txt,7,13673,82,597,0.27020692825317383,Greedy,Hamming,True,82,0.27026796340942383,Map3,Greedy_Hamming
2025-08-25T17:08:07.401420,maps/Map3.txt,8,13673,82,597,0.20080208778381348,Greedy,Hamming,True,82,0.20087981224060059,Map3,Greedy_Hamming
2025-08-25T17:08:07.713680,maps/Map3.txt,9,13673,82,597,0.3107941150665283,Greedy,Hamming,True,82,0.31085705757141113,Map3,Greedy_Hamming
2025-08-25T17:08:07.914521,maps/Map3.txt,10,13673,82,597,0.19958806037902832,Greedy,Hamming,True,82,0.19965195655822754,Map3,Greedy_Hamming
2025-08-25T17:08:08.415055,maps/Map3.txt,1,20898,78,675,0.4989609718322754,A*,Manhattan,True,78,0.4993441104888916,Map3,A*_Manhattan
2025-08-25T17:08:08.924348,maps/Map3.txt,2,20898,78,675,0.5073201656341553,A*,Manhattan,True,78,0.5078210830688477,Map3,A*_Manhattan
2025-08-25T17:08:09.420490,maps/Map3.txt,3,20898,78,675,0.49414706230163574,A*,Manhattan,True,78,0.49465394020080566,Map3,A*_Manhattan
2025-08-25T17:08:09.921485,maps/Map3.txt,4,20898,78,675,0.49898600578308105,A*,Manhattan,True,78,0.49948811531066895,Map3,A*_Manhattan
2025-08-25T17:08:10.430759,maps/Map3.txt,5,20898,78,675,0.5073421001434326,A*,Manhattan,True,78,0.507728099822998,Map3,A*_Manhattan
2025-08-25T17:08:10.952883,maps/Map3.txt,6,20898,78,675,0.520136833190918,A*,Manhattan,True,78,0.5207502841949463,Map3,A*_Manhattan
2025-08-25T17:08:11.516214,maps/Map3.txt,7,20898,78,675,0.5603680610656738,A*,Manhattan,True,78,0.5611326694488525,Map3,A*_Manhattan
2025-08-25T17:08:12.224079,maps/Map3.txt,8,20898,78,675,0.704477071762085,A*,Manhattan,True,78,0.7049870491027832,Map3,A*_Manhattan
2025-08-25T17:08:12.746949,maps/Map3.txt,9,20898,78,675,0.5208511352539062,A*,Manhattan,True,78,0.5212340354919434,Map3,A*_Manhattan
2025-08-25T17:08:13.269430,maps/Map3.txt,10,20898,78,675,0.52069091796875,A*,Manhattan,True,78,0.5212008953094482,Map3,A*_Manhattan
2025-08-25T17:08:13.810626,maps/Map3.txt,1,20899,78,639,0.5384349822998047,A*,Euclidean,True,78,0.5397231578826904,Map3,A*_Euclidean
2025-08-25T17:08:14.250531,maps/Map3.txt,2,20899,78,639,0.43533897399902344,A*,Euclidean,True,78,0.43656492233276367,Map3,A*_Euclidean
2025-08-25T17:08:14.815179,maps/Map3.txt,3,20899,78,639,0.5613648891448975,A*,Euclidean,True,78,0.562161922454834,Map3,A*_Euclidean
2025-08-25T17:08:15.329769,maps/Map3.txt,4,20899,78,639,0.5122230052947998,A*,Euclidean,True,78,0.5130376815795898,Map3,A*_Euclidean
2025-08-25T17:08:15.846461,maps/Map3.txt,5,20899,78,639,0.5140500068664551,A*,Euclidean,True,78,0.5149121284484863,Map3,A*_Euclidean
2025-08-25T17:08:16.351593,maps/Map3.txt,6,20899,78,639,0.5025699138641357,A*,Euclidean,True,78,0.5035429000854492,Map3,A*_Euclidean
2025-08-25T17:08:16.856404,maps/Map3.txt,7,20899,78,639,0.5010619163513184,A*,Euclidean,True,78,0.5021989345550537,Map3,A*_Euclidean
2025-08-25T17:08:17.361032,maps/Map3.txt,8,20899,78,639,0.5013539791107178,A*,Euclidean,True,78,0.5027449131011963,Map3,A*_Euclidean
2025-08-25T17:08:17.873331,maps/Map3.txt,9,20899,78,639,0.507188081741333,A*,Euclidean,True,78,0.5081772804260254,Map3,A*_Euclidean
2025-08-25T17:08:18.389509,maps/Map3.txt,10,20899,78,639,0.5131580829620361,A*,Euclidean,True,78,0.5141768455505371,Map3,A*_Euclidean
2025-08-25T17:08:18.902684,maps/Map3.txt,1,20919,78,633,0.5109362602233887,A*,Chebyshev,True,78,0.5114102363586426,Map3,A*_Chebyshev
2025-08-25T17:08:19.419022,maps/Map3.txt,2,20919,78,633,0.5142033100128174,A*,Chebyshev,True,78,0.5146920680999756,Map3,A*_Chebyshev
2025-08-25T17:08:19.951490,maps/Map3.txt,3,20919,78,633,0.5305161476135254,A*,Chebyshev,True,78,0.5310430526733398,Map3,A*_Chebyshev
2025-08-25T17:08:20.361323,maps/Map3.txt,4,20919,78,633,0.4075801372528076,A*,Chebyshev,True,78,0.40796804428100586,Map3,A*_Chebyshev
2025-08-25T17:08:20.903158,maps/Map3.txt,5,20919,78,633,0.5401179790496826,A*,Chebyshev,True,78,0.5405228137969971,Map3,A*_Chebyshev
2025-08-25T17:08:21.383329,maps/Map3.txt,6,20919,78,633,0.47839784622192383,A*,Chebyshev,True,78,0.4788691997528076,Map3,A*_Chebyshev
2025-08-25T17:08:21.865503,maps/Map3.txt,7,20919,78,633,0.4803636074066162,A*,Chebyshev,True,78,0.4808349609375,Map3,A*_Chebyshev
2025-08-25T17:08:22.353030,maps/Map3.txt,8,20919,78,633,0.48557305335998535,A*,Chebyshev,True,78,0.48604512214660645,Map3,A*_Chebyshev
2025-08-25T17:08:22.860221,maps/Map3.txt,9,20919,78,633,0.5054552555084229,A*,Chebyshev,True,78,0.5058221817016602,Map3,A*_Chebyshev
2025-08-25T17:08:23.535409,maps/Map3.txt,10,20919,78,633,0.6734528541564941,A*,Chebyshev,True,78,0.6739320755004883,Map3,A*_Chebyshev
2025-08-25T17:08:24.058227,maps/Map3.txt,1,20921,78,580,0.5206770896911621,A*,Hamming,True,78,0.5212440490722656,Map3,A*_Hamming
2025-08-25T17:08:24.554532,maps/Map3.txt,2,20921,78,580,0.49355387687683105,A*,Hamming,True,78,0.49402594566345215,Map3,A*_Hamming
2025-08-25T17:08:25.121732,maps/Map3.txt,3,20921,78,580,0.5653610229492188,A*,Hamming,True,78,0.5658481121063232,Map3,A*_Hamming
2025-08-25T17:08:25.630315,maps/Map3.txt,4,20921,78,580,0.50661301612854,A*,Hamming,True,78,0.5071167945861816,Map3,A*_Hamming
2025-08-25T17:08:26.145311,maps/Map3.txt,5,20921,78,580,0.5131740570068359,A*,Hamming,True,78,0.5135488510131836,Map3,A*_Hamming
2025-08-25T17:08:26.657149,maps/Map3.txt,6,20921,78,580,0.5097019672393799,A*,Hamming,True,78,0.5104429721832275,Map3,A*_Hamming
2025-08-25T17:08:27.053359,maps/Map3.txt,7,20921,78,580,0.39260268211364746,A*,Hamming,True,78,0.39309000968933105,Map3,A*_Hamming
2025-08-25T17:08:27.594950,maps/Map3.txt,8,20921,78,580,0.5397140979766846,A*,Hamming,True,78,0.5402109622955322,Map3,A*_Hamming
2025-08-25T17:08:28.074210,maps/Map3.txt,9,20921,78,580,0.4774050712585449,A*,Hamming,True,78,0.4777820110321045,Map3,A*_Hamming
2025-08-25T17:08:28.556811,maps/Map3.txt,10,20921,78,580,0.4808046817779541,A*,Hamming,True,78,0.4811890125274658,Map3,A*_Hamming
2025-08-25T17:08:32.398353,maps/Map4.txt,1,184035,53,15855,3.840087890625,BFS,,True,53,3.8403050899505615,Map4,BFS
2025-08-25T17:08:36.649427,maps/Map4.txt,2,184035,53,15855,4.233328104019165,BFS,,True,53,4.233545303344727,Map4,BFS
2025-08-25T17:08:40.969377,maps/Map4.txt,3,184035,53,15855,4.30250096321106,BFS,,True,53,4.302670955657959,Map4,BFS
2025-08-25T17:08:45.329248,maps/Map4.txt,4,184035,53,15855,4.342890024185181,BFS,,True,53,4.343364953994751,Map4,BFS
2025-08-25T17:08:49.790468,maps/Map4.txt,5,184035,53,15855,4.443907976150513,BFS,,True,53,4.4440858364105225,Map4,BFS
2025-08-25T17:08:54.068851,maps/Map4.txt,6,184035,53,15855,4.26183009147644,BFS,,True,53,4.262024164199829,Map4,BFS
2025-08-25T17:08:58.519124,maps/Map4.txt,7,184035,53,15855,4.432676792144775,BFS,,True,53,4.432889938354492,Map4,BFS
2025-08-25T17:09:02.799844,maps/Map4.txt,8,184035,53,15855,4.263076066970825,BFS,,True,53,4.263242959976196,Map4,BFS
2025-08-25T17:09:07.162990,maps/Map4.txt,9,184035,53,15855,4.346514940261841,BFS,,True,53,4.34667706489563,Map4,BFS
2025-08-25T17:09:11.536810,maps/Map4.txt,10,184035,53,15855,4.356702089309692,BFS,,True,53,4.356896877288818,Map4,BFS
2025-08-25T17:09:18.109547,maps/Map4.txt,1,298769,3967,3093,6.556107997894287,DFS,,True,3967,6.556156873703003,Map4,DFS
2025-08-25T17:09:25.178439,maps/Map4.txt,2,298769,3967,3093,7.052539825439453,DFS,,True,3967,7.052578926086426,Map4,DFS
2025-08-25T17:09:32.413532,maps/Map4.txt,3,298769,3967,3093,7.218814849853516,DFS,,True,3967,7.218853950500488,Map4,DFS
2025-08-25T17:09:39.252107,maps/Map4.txt,4,298769,3967,3093,6.82244873046875,DFS,,True,3967,6.822480916976929,Map4,DFS
2025-08-25T17:09:46.059913,maps/Map4.txt,5,298769,3967,3093,6.791650056838989,DFS,,True,3967,6.791686058044434,Map4,DFS
2025-08-25T17:09:52.785966,maps/Map4.txt,6,298769,3967,3093,6.7100629806518555,DFS,,True,3967,6.7101030349731445,Map4,DFS
2025-08-25T17:09:59.669875,maps/Map4.txt,7,298769,3967,3093,6.867349863052368,DFS,,True,3967,6.867383003234863,Map4,DFS
2025-08-25T17:10:06.554274,maps/Map4.txt,8,298769,3967,3093,6.868453025817871,DFS,,True,3967,6.868491888046265,Map4,DFS
2025-08-25T17:10:13.408723,maps/Map4.txt,9,298769,3967,3093,6.837938070297241,DFS,,True,3967,6.837978839874268,Map4,DFS
2025-08-25T17:10:20.133978,maps/Map4.txt,10,298769,3967,3093,6.71070408821106,DFS,,True,3967,6.710744142532349,Map4,DFS
2025-08-25T17:10:21.671279,maps/Map4.txt,1,28117,125,439,1.5203797817230225,Greedy,Manhattan,True,125,1.5204830169677734,Map4,Greedy_Manhattan
2025-08-25T17:10:22.240220,maps/Map4.txt,2,28117,125,439,0.5631968975067139,Greedy,Manhattan,True,125,0.5632548332214355,Map4,Greedy_Manhattan
2025-08-25T17:10:22.822207,maps/Map4.txt,3,28117,125,439,0.5785372257232666,Greedy,Manhattan,True,125,0.5785930156707764,Map4,Greedy_Manhattan
2025-08-25T17:10:23.440609,maps/Map4.txt,4,28117,125,439,0.6148490905761719,Greedy,Manhattan,True,125,0.6149208545684814,Map4,Greedy_Manhattan
2025-08-25T17:10:24.240356,maps/Map4.txt,5,28117,125,439,0.7957248687744141,Greedy,Manhattan,True,125,0.7957837581634521,Map4,Greedy_Manhattan
2025-08-25T17:10:24.819288,maps/Map4.txt,6,28117,125,439,0.5747008323669434,Greedy,Manhattan,True,125,0.5747640132904053,Map4,Greedy_Manhattan
2025-08-25T17:10:25.433103,maps/Map4.txt,7,28117,125,439,0.6101069450378418,Greedy,Manhattan,True,125,0.6102681159973145,Map4,Greedy_Manhattan
2025-08-25T17:10:26.026060,maps/Map4.txt,8,28117,125,439,0.5890130996704102,Greedy,Manhattan,True,125,0.5890769958496094,Map4,Greedy_Manhattan
2025-08-25T17:10:26.658500,maps/Map4.txt,9,28117,125,439,0.6286749839782715,Greedy,Manhattan,True,125,0.6287448406219482,Map4,Greedy_Manhattan
2025-08-25T17:10:27.246560,maps/Map4.txt,10,28117,125,439,0.5840740203857422,Greedy,Manhattan,True,125,0.5841407775878906,Map4,Greedy_Manhattan
2025-08-25T17:10:27.883489,maps/Map4.txt,1,29458,125,342,0.6328411102294922,Greedy,Euclidean,True,125,0.6328980922698975,Map4,Greedy_Euclidean
2025-08-25T17:10:28.558502,maps/Map4.txt,2,29458,125,342,0.6714270114898682,Greedy,Euclidean,True,125,0.6714942455291748,Map4,Greedy_Euclidean
2025-08-25T17:10:29.210092,maps/Map4.txt,3,29458,125,342,0.6473348140716553,Greedy,Euclidean,True,125,0.6474010944366455,Map4,Greedy_Euclidean
2025-08-25T17:10:29.910116,maps/Map4.txt,4,29458,125,342,0.6962478160858154,Greedy,Euclidean,True,125,0.6963510513305664,Map4,Greedy_Euclidean
2025-08-25T17:10:30.570673,maps/Map4.txt,5,29458,125,342,0.6560580730438232,Greedy,Euclidean,True,125,0.6561243534088135,Map4,Greedy_Euclidean
2025-08-25T17:10:31.268936,maps/Map4.txt,6,29458,125,342,0.6943511962890625,Greedy,Euclidean,True,125,0.6944191455841064,Map4,Greedy_Euclidean
2025-08-25T17:10:31.932072,maps/Map4.txt,7,29458,125,342,0.6588330268859863,Greedy,Euclidean,True,125,0.6588931083679199,Map4,Greedy_Euclidean
2025-08-25T17:10:32.635953,maps/Map4.txt,8,29458,125,342,0.7001569271087646,Greedy,Euclidean,True,125,0.7002229690551758,Map4,Greedy_Euclidean
2025-08-25T17:10:33.305884,maps/Map4.txt,9,29458,125,342,0.665855884552002,Greedy,Euclidean,True,125,0.6659200191497803,Map4,Greedy_Euclidean
2025-08-25T17:10:33.951571,maps/Map4.txt,10,29458,125,342,0.6414918899536133,Greedy,Euclidean,True,125,0.6415598392486572,Map4,Greedy_Euclidean
2025-08-25T17:10:34.526134,maps/Map4.txt,1,23188,119,593,0.5703480243682861,Greedy,Chebyshev,True,119,0.5704700946807861,Map4,Greedy_Chebyshev
2025-08-25T17:10:35.073767,maps/Map4.txt,2,23188,119,593,0.5442590713500977,Greedy,Chebyshev,True,119,0.5443191528320312,Map4,Greedy_Chebyshev
2025-08-25T17:10:35.578591,maps/Map4.txt,3,23188,119,593,0.5011992454528809,Greedy,Chebyshev,True,119,0.501258134841919,Map4,Greedy_Chebyshev
2025-08-25T17:10:36.082421,maps/Map4.txt,4,23188,119,593,0.5006740093231201,Greedy,Chebyshev,True,119,0.5007228851318359,Map4,Greedy_Chebyshev
2025-08-25T17:10:36.577779,maps/Map4.txt,5,23188,119,593,0.4922480583190918,Greedy,Chebyshev,True,119,0.4923062324523926,Map4,Greedy_Chebyshev
2025-08-25T17:10:37.079350,maps/Map4.txt,6,23188,119,593,0.49846696853637695,Greedy,Chebyshev,True,119,0.4985208511352539,Map4,Greedy_Chebyshev
2025-08-25T17:10:37.570433,maps/Map4.txt,7,23188,119,593,0.488023042678833,Greedy,Chebyshev,True,119,0.4880788326263428,Map4,Greedy_Chebyshev
2025-08-25T17:10:38.103117,maps/Map4.txt,8,23188,119,593,0.5293619632720947,Greedy,Chebyshev,True,119,0.5294198989868164,Map4,Greedy_Chebyshev
2025-08-25T17:10:38.625925,maps/Map4.txt,9,23188,119,593,0.5193431377410889,Greedy,Chebyshev,True,119,0.5194580554962158,Map4,Greedy_Chebyshev
2025-08-25T17:10:39.125170,maps/Map4.txt,10,23188,119,593,0.49599623680114746,Greedy,Chebyshev,True,119,0.49607181549072266,Map4,Greedy_Chebyshev
2025-08-25T17:10:39.575990,maps/Map4.txt,1,20934,83,925,0.447437047958374,Greedy,Hamming,True,83,0.447523832321167,Map4,Greedy_Hamming
2025-08-25T17:10:40.016584,maps/Map4.txt,2,20934,83,925,0.4376950263977051,Greedy,Hamming,True,83,0.4378170967102051,Map4,Greedy_Hamming
2025-08-25T17:10:40.458260,maps/Map4.txt,3,20934,83,925,0.4382948875427246,Greedy,Hamming,True,83,0.4384117126464844,Map4,Greedy_Hamming
2025-08-25T17:10:40.898309,maps/Map4.txt,4,20934,83,925,0.43711113929748535,Greedy,Hamming,True,83,0.4371781349182129,Map4,Greedy_Hamming
2025-08-25T17:10:41.348641,maps/Map4.txt,5,20934,83,925,0.44741010665893555,Greedy,Hamming,True,83,0.44748687744140625,Map4,Greedy_Hamming
2025-08-25T17:10:41.800147,maps/Map4.txt,6,20934,83,925,0.4482839107513428,Greedy,Hamming,True,83,0.44836902618408203,Map4,Greedy_Hamming
2025-08-25T17:10:42.243983,maps/Map4.txt,7,20934,83,925,0.44055604934692383,Greedy,Hamming,True,83,0.44063615798950195,Map4,Greedy_Hamming
2025-08-25T17:10:42.679847,maps/Map4.txt,8,20934,83,925,0.43270301818847656,Greedy,Hamming,True,83,0.432786226272583,Map4,Greedy_Hamming
2025-08-25T17:10:43.124673,maps/Map4.txt,9,20934,83,925,0.4415261745452881,Greedy,Hamming,True,83,0.44161486625671387,Map4,Greedy_Hamming
2025-08-25T17:10:43.565827,maps/Map4.txt,10,20934,83,925,0.43815135955810547,Greedy,Hamming,True,83,0.43825411796569824,Map4,Greedy_Hamming
2025-08-25T17:10:47.209775,maps/Map4.txt,1,112038,53,11739,3.6356630325317383,A*,Manhattan,True,53,3.6407299041748047,Map4,A*_Manhattan
2025-08-25T17:10:51.153035,maps/Map4.txt,2,112038,53,11739,3.9286181926727295,A*,Manhattan,True,53,3.9349887371063232,Map4,A*_Manhattan
2025-08-25T17:10:55.387579,maps/Map4.txt,3,112038,53,11739,4.221257925033569,A*,Manhattan,True,53,4.227682113647461,Map4,A*_Manhattan
2025-08-25T17:10:59.495078,maps/Map4.txt,4,112038,53,11739,4.0936689376831055,A*,Manhattan,True,53,4.099603891372681,Map4,A*_Manhattan
2025-08-25T17:11:03.578464,maps/Map4.txt,5,112038,53,11739,4.0682971477508545,A*,Manhattan,True,53,4.0755839347839355,Map4,A*_Manhattan
2025-08-25T17:11:07.600349,maps/Map4.txt,6,112038,53,11739,4.0082337856292725,A*,Manhattan,True,53,4.013684034347534,Map4,A*_Manhattan
2025-08-25T17:11:11.490723,maps/Map4.txt,7,112038,53,11739,3.8763060569763184,A*,Manhattan,True,53,3.882821798324585,Map4,A*_Manhattan
2025-08-25T17:11:15.541016,maps/Map4.txt,8,112038,53,11739,4.036711931228638,A*,Manhattan,True,53,4.042882919311523,Map4,A*_Manhattan
2025-08-25T17:11:19.538392,maps/Map4.txt,9,112038,53,11739,3.9837560653686523,A*,Manhattan,True,53,3.9897758960723877,Map4,A*_Manhattan
2025-08-25T17:11:23.448671,maps/Map4.txt,10,112038,53,11739,3.8970260620117188,A*,Manhattan,True,53,3.903076171875,Map4,A*_Manhattan
2025-08-25T17:11:28.007226,maps/Map4.txt,1,115190,53,11569,4.54262900352478,A*,Euclidean,True,53,4.551005840301514,Map4,A*_Euclidean
2025-08-25T17:11:32.320800,maps/Map4.txt,2,115190,53,11569,4.297652959823608,A*,Euclidean,True,53,4.30649995803833,Map4,A*_Euclidean
2025-08-25T17:11:36.711543,maps/Map4.txt,3,115190,53,11569,4.373065233230591,A*,Euclidean,True,53,4.383460998535156,Map4,A*_Euclidean
2025-08-25T17:11:41.112029,maps/Map4.txt,4,115190,53,11569,4.384825706481934,A*,Euclidean,True,53,4.393100023269653,Map4,A*_Euclidean
2025-08-25T17:11:45.313926,maps/Map4.txt,5,115190,53,11569,4.186173915863037,A*,Euclidean,True,53,4.194758176803589,Map4,A*_Euclidean
2025-08-25T17:11:49.597689,maps/Map4.txt,6,115190,53,11569,4.26682186126709,A*,Euclidean,True,53,4.276125907897949,Map4,A*_Euclidean
2025-08-25T17:11:54.096295,maps/Map4.txt,7,115190,53,11569,4.481840133666992,A*,Euclidean,True,53,4.491217136383057,Map4,A*_Euclidean
2025-08-25T17:11:58.456546,maps/Map4.txt,8,115190,53,11569,4.344449043273926,A*,Euclidean,True,53,4.353443145751953,Map4,A*_Euclidean
2025-08-25T17:12:02.814730,maps/Map4.txt,9,115190,53,11569,4.342235803604126,A*,Euclidean,True,53,4.350697040557861,Map4,A*_Euclidean
2025-08-25T17:12:07.291182,maps/Map4.txt,10,115190,53,11569,4.460081100463867,A*,Euclidean,True,53,4.469239950180054,Map4,A*_Euclidean
2025-08-25T17:12:11.661944,maps/Map4.txt,1,123925,53,12141,4.357553243637085,A*,Chebyshev,True,53,4.364012956619263,Map4,A*_Chebyshev
2025-08-25T17:12:16.107530,maps/Map4.txt,2,123925,53,12141,4.432652950286865,A*,Chebyshev,True,53,4.438798666000366,Map4,A*_Chebyshev
2025-08-25T17:12:20.628353,maps/Map4.txt,3,123925,53,12141,4.5059731006622314,A*,Chebyshev,True,53,4.513309955596924,Map4,A*_Chebyshev
2025-08-25T17:12:25.463534,maps/Map4.txt,4,123925,53,12141,4.820925951004028,A*,Chebyshev,True,53,4.828505992889404,Map4,A*_Chebyshev
2025-08-25T17:12:29.856619,maps/Map4.txt,5,123925,53,12141,4.3791890144348145,A*,Chebyshev,True,53,4.386437892913818,Map4,A*_Chebyshev
2025-08-25T17:12:34.357679,maps/Map4.txt,6,123925,53,12141,4.486824035644531,A*,Chebyshev,True,53,4.494593858718872,Map4,A*_Chebyshev
2025-08-25T17:12:39.009358,maps/Map4.txt,7,123925,53,12141,4.638756036758423,A*,Chebyshev,True,53,4.645073890686035,Map4,A*_Chebyshev
2025-08-25T17:12:43.408700,maps/Map4.txt,8,123925,53,12141,4.386253118515015,A*,Chebyshev,True,53,4.392641067504883,Map4,A*_Chebyshev
2025-08-25T17:12:47.833386,maps/Map4.txt,9,123925,53,12141,4.410361051559448,A*,Chebyshev,True,53,4.417771816253662,Map4,A*_Chebyshev
2025-08-25T17:12:52.344097,maps/Map4.txt,10,123925,53,12141,4.495779752731323,A*,Chebyshev,True,53,4.503799915313721,Map4,A*_Chebyshev
2025-08-25T17:12:57.728147,maps/Map4.txt,1,149262,53,13990,5.368696689605713,A*,Hamming,True,53,5.377217054367065,Map4,A*_Hamming
2025-08-25T17:13:03.126966,maps/Map4.txt,2,149262,53,13990,5.386097192764282,A*,Hamming,True,53,5.393196105957031,Map4,A*_Hamming
2025-08-25T17:13:08.612794,maps/Map4.txt,3,149262,53,13990,5.471410036087036,A*,Hamming,True,53,5.479805946350098,Map4,A*_Hamming
2025-08-25T17:13:14.116364,maps/Map4.txt,4,149262,53,13990,5.488480091094971,A*,Hamming,True,53,5.49724268913269,Map4,A*_Hamming
2025-08-25T17:13:19.606921,maps/Map4.txt,5,149262,53,13990,5.476513862609863,A*,Hamming,True,53,5.484500169754028,Map4,A*_Hamming
2025-08-25T17:13:25.304502,maps/Map4.txt,6,149262,53,13990,5.683797121047974,A*,Hamming,True,53,5.691762208938599,Map4,A*_Hamming
2025-08-25T17:13:30.879691,maps/Map4.txt,7,149262,53,13990,5.562042713165283,A*,Hamming,True,53,5.569361925125122,Map4,A*_Hamming
2025-08-25T17:13:36.399027,maps/Map4.txt,8,149262,53,13990,5.504906892776489,A*,Hamming,True,53,5.513219118118286,Map4,A*_Hamming
2025-08-25T17:13:41.981604,maps/Map4.txt,9,149262,53,13990,5.567633867263794,A*,Hamming,True,53,5.576726198196411,Map4,A*_Hamming
2025-08-25T17:13:47.461701,maps/Map4.txt,10,149262,53,13990,5.465519189834595,A*,Hamming,True,53,5.474107980728149,Map4,A*_Hamming
2025-08-25T17:13:53.570874,maps/Map5.txt,1,266334,134,7165,6.102318286895752,BFS,,True,134,6.102333068847656,Map5,BFS
2025-08-25T17:14:00.086343,maps/Map5.txt,2,266334,134,7165,6.502147197723389,BFS,,True,134,6.502184867858887,Map5,BFS
2025-08-25T17:14:06.487544,maps/Map5.txt,3,266334,134,7165,6.384666204452515,BFS,,True,134,6.384681940078735,Map5,BFS
2025-08-25T17:14:12.778573,maps/Map5.txt,4,266334,134,7165,6.276779890060425,BFS,,True,134,6.276794910430908,Map5,BFS
2025-08-25T17:14:19.223274,maps/Map5.txt,5,266334,134,7165,6.430371046066284,BFS,,True,134,6.430387020111084,Map5,BFS
2025-08-25T17:14:25.744392,maps/Map5.txt,6,266334,134,7165,6.507751941680908,BFS,,True,134,6.5077691078186035,Map5,BFS
2025-08-25T17:14:32.354051,maps/Map5.txt,7,266334,134,7165,6.595197916030884,BFS,,True,134,6.5952160358428955,Map5,BFS
2025-08-25T17:14:38.654574,maps/Map5.txt,8,266334,134,7165,6.284680128097534,BFS,,True,134,6.284698963165283,Map5,BFS
2025-08-25T17:14:45.225368,maps/Map5.txt,9,266334,134,7165,6.556178331375122,BFS,,True,134,6.556194067001343,Map5,BFS
2025-08-25T17:14:51.460485,maps/Map5.txt,10,266334,134,7165,6.220844745635986,BFS,,True,134,6.220861911773682,Map5,BFS
2025-08-25T17:14:57.495236,maps/Map5.txt,1,271785,708,681,6.0197060108184814,DFS,,True,708,6.019724130630493,Map5,DFS
2025-08-25T17:15:03.722575,maps/Map5.txt,2,271785,708,681,6.209572076797485,DFS,,True,708,6.2095911502838135,Map5,DFS
2025-08-25T17:15:09.960363,maps/Map5.txt,3,271785,708,681,6.219080924987793,DFS,,True,708,6.219097852706909,Map5,DFS
2025-08-25T17:15:15.910761,maps/Map5.txt,4,271785,708,681,5.934366941452026,DFS,,True,708,5.934382677078247,Map5,DFS
2025-08-25T17:15:22.194873,maps/Map5.txt,5,271785,708,681,6.2678139209747314,DFS,,True,708,6.267868995666504,Map5,DFS
2025-08-25T17:15:28.393191,maps/Map5.txt,6,271785,708,681,6.181840896606445,DFS,,True,708,6.181858062744141,Map5,DFS
2025-08-25T17:15:34.642097,maps/Map5.txt,7,271785,708,681,6.233006000518799,DFS,,True,708,6.233025074005127,Map5,DFS
2025-08-25T17:15:40.603956,maps/Map5.txt,8,271785,708,681,5.945590972900391,DFS,,True,708,5.9456071853637695,Map5,DFS
2025-08-25T17:15:46.952884,maps/Map5.txt,9,271785,708,681,6.332350969314575,DFS,,True,708,6.332365989685059,Map5,DFS
2025-08-25T17:15:52.985979,maps/Map5.txt,10,271785,708,681,6.016598701477051,DFS,,True,708,6.016617059707642,Map5,DFS
2025-08-25T17:15:58.196054,maps/Map5.txt,1,182863,148,3350,5.192976236343384,Greedy,Manhattan,True,148,5.193418025970459,Map5,Greedy_Manhattan
2025-08-25T17:16:03.237412,maps/Map5.txt,2,182863,148,3350,5.023151159286499,Greedy,Manhattan,True,148,5.023664712905884,Map5,Greedy_Manhattan
2025-08-25T17:16:08.429241,maps/Map5.txt,3,182863,148,3350,5.175282955169678,Greedy,Manhattan,True,148,5.175626039505005,Map5,Greedy_Manhattan
2025-08-25T17:16:13.335828,maps/Map5.txt,4,182863,148,3350,4.889869689941406,Greedy,Manhattan,True,148,4.890211820602417,Map5,Greedy_Manhattan
2025-08-25T17:16:18.274719,maps/Map5.txt,5,182863,148,3350,4.9213480949401855,Greedy,Manhattan,True,148,4.921762704849243,Map5,Greedy_Manhattan
2025-08-25T17:16:23.178936,maps/Map5.txt,6,182863,148,3350,4.887060165405273,Greedy,Manhattan,True,148,4.887411832809448,Map5,Greedy_Manhattan
2025-08-25T17:16:28.180019,maps/Map5.txt,7,182863,148,3350,4.9827799797058105,Greedy,Manhattan,True,148,4.9832072257995605,Map5,Greedy_Manhattan
2025-08-25T17:16:33.473020,maps/Map5.txt,8,182863,148,3350,5.27511191368103,Greedy,Manhattan,True,148,5.275413990020752,Map5,Greedy_Manhattan
2025-08-25T17:16:38.560170,maps/Map5.txt,9,182863,148,3350,5.06638503074646,Greedy,Manhattan,True,148,5.066767692565918,Map5,Greedy_Manhattan
2025-08-25T17:16:43.447191,maps/Map5.txt,10,182863,148,3350,4.868028879165649,Greedy,Manhattan,True,148,4.868379831314087,Map5,Greedy_Manhattan
2025-08-25T17:16:48.753251,maps/Map5.txt,1,178780,148,2866,5.288562059402466,Greedy,Euclidean,True,148,5.289062976837158,Map5,Greedy_Euclidean
2025-08-25T17:16:54.215299,maps/Map5.txt,2,178780,148,2866,5.44403600692749,Greedy,Euclidean,True,148,5.444561958312988,Map5,Greedy_Euclidean
2025-08-25T17:17:00.264917,maps/Map5.txt,3,178780,148,2866,6.028455018997192,Greedy,Euclidean,True,148,6.028913974761963,Map5,Greedy_Euclidean
2025-08-25T17:17:06.210438,maps/Map5.txt,4,178780,148,2866,5.926982879638672,Greedy,Euclidean,True,148,5.927402973175049,Map5,Greedy_Euclidean
2025-08-25T17:17:12.183256,maps/Map5.txt,5,178780,148,2866,5.954527139663696,Greedy,Euclidean,True,148,5.9549407958984375,Map5,Greedy_Euclidean
2025-08-25T17:17:17.537258,maps/Map5.txt,6,178780,148,2866,5.337066888809204,Greedy,Euclidean,True,148,5.337553977966309,Map5,Greedy_Euclidean
2025-08-25T17:17:22.855598,maps/Map5.txt,7,178780,148,2866,5.300672769546509,Greedy,Euclidean,True,148,5.301095008850098,Map5,Greedy_Euclidean
2025-08-25T17:17:28.562712,maps/Map5.txt,8,178780,148,2866,5.6888649463653564,Greedy,Euclidean,True,148,5.689236879348755,Map5,Greedy_Euclidean
2025-08-25T17:17:33.883501,maps/Map5.txt,9,178780,148,2866,5.303344964981079,Greedy,Euclidean,True,148,5.3037590980529785,Map5,Greedy_Euclidean
2025-08-25T17:17:39.065686,maps/Map5.txt,10,178780,148,2866,5.163894891738892,Greedy,Euclidean,True,148,5.16433310508728,Map5,Greedy_Euclidean
2025-08-25T17:17:43.343695,maps/Map5.txt,1,153107,160,5608,4.2603440284729,Greedy,Chebyshev,True,160,4.260821104049683,Map5,Greedy_Chebyshev
2025-08-25T17:17:47.770013,maps/Map5.txt,2,153107,160,5608,4.419646978378296,Greedy,Chebyshev,True,160,4.420418977737427,Map5,Greedy_Chebyshev
2025-08-25T17:17:51.981959,maps/Map5.txt,3,153107,160,5608,4.20537805557251,Greedy,Chebyshev,True,160,4.205918073654175,Map5,Greedy_Chebyshev
2025-08-25T17:17:56.395487,maps/Map5.txt,4,153107,160,5608,4.406414747238159,Greedy,Chebyshev,True,160,4.406895875930786,Map5,Greedy_Chebyshev
2025-08-25T17:18:00.557882,maps/Map5.txt,5,153107,160,5608,4.154922962188721,Greedy,Chebyshev,True,160,4.1555540561676025,Map5,Greedy_Chebyshev
2025-08-25T17:18:04.922331,maps/Map5.txt,6,153107,160,5608,4.357470989227295,Greedy,Chebyshev,True,160,4.35802698135376,Map5,Greedy_Chebyshev
2025-08-25T17:18:09.193920,maps/Map5.txt,7,153107,160,5608,4.2653648853302,Greedy,Chebyshev,True,160,4.265805006027222,Map5,Greedy_Chebyshev
2025-08-25T17:18:13.455827,maps/Map5.txt,8,153107,160,5608,4.255458116531372,Greedy,Chebyshev,True,160,4.255920886993408,Map5,Greedy_Chebyshev
2025-08-25T17:18:17.739463,maps/Map5.txt,9,153107,160,5608,4.277477979660034,Greedy,Chebyshev,True,160,4.277939081192017,Map5,Greedy_Chebyshev
2025-08-25T17:18:22.409691,maps/Map5.txt,10,153107,160,5608,4.664326190948486,Greedy,Chebyshev,True,160,4.664764165878296,Map5,Greedy_Chebyshev
2025-08-25T17:18:25.985698,maps/Map5.txt,1,134194,177,3271,3.5699257850646973,Greedy,Hamming,True,177,3.5701980590820312,Map5,Greedy_Hamming
2025-08-25T17:18:29.486587,maps/Map5.txt,2,134194,177,3271,3.494049072265625,Greedy,Hamming,True,177,3.4943830966949463,Map5,Greedy_Hamming
2025-08-25T17:18:32.870219,maps/Map5.txt,3,134194,177,3271,3.3762400150299072,Greedy,Hamming,True,177,3.376527786254883,Map5,Greedy_Hamming
2025-08-25T17:18:36.292801,maps/Map5.txt,4,134194,177,3271,3.415231943130493,Greedy,Hamming,True,177,3.4155218601226807,Map5,Greedy_Hamming
2025-08-25T17:18:39.791861,maps/Map5.txt,5,134194,177,3271,3.4924590587615967,Greedy,Hamming,True,177,3.4927330017089844,Map5,Greedy_Hamming
2025-08-25T17:18:43.205928,maps/Map5.txt,6,134194,177,3271,3.407465934753418,Greedy,Hamming,True,177,3.4077301025390625,Map5,Greedy_Hamming
2025-08-25T17:18:46.755011,maps/Map5.txt,7,134194,177,3271,3.5426602363586426,Greedy,Hamming,True,177,3.5430610179901123,Map5,Greedy_Hamming
2025-08-25T17:18:50.331196,maps/Map5.txt,8,134194,177,3271,3.568135976791382,Greedy,Hamming,True,177,3.5685551166534424,Map5,Greedy_Hamming
2025-08-25T17:18:53.818785,maps/Map5.txt,9,134194,177,3271,3.481091022491455,Greedy,Hamming,True,177,3.4814038276672363,Map5,Greedy_Hamming
2025-08-25T17:18:57.264842,maps/Map5.txt,10,134194,177,3271,3.4394729137420654,Greedy,Hamming,True,177,3.439732074737549,Map5,Greedy_Hamming
2025-08-25T17:19:06.911451,maps/Map5.txt,1,266135,134,7509,9.631030797958374,A*,Manhattan,True,134,9.640244960784912,Map5,A*_Manhattan
2025-08-25T17:19:16.843986,maps/Map5.txt,2,266135,134,7509,9.908173084259033,A*,Manhattan,True,134,9.916644096374512,Map5,A*_Manhattan
2025-08-25T17:19:27.232208,maps/Map5.txt,3,266135,134,7509,10.36522388458252,A*,Manhattan,True,134,10.373230934143066,Map5,A*_Manhattan
2025-08-25T17:19:37.315823,maps/Map5.txt,4,266135,134,7509,10.060436964035034,A*,Manhattan,True,134,10.068716049194336,Map5,A*_Manhattan
2025-08-25T17:19:47.192461,maps/Map5.txt,5,266135,134,7509,9.853167295455933,A*,Manhattan,True,134,9.861654996871948,Map5,A*_Manhattan
2025-08-25T17:19:57.482588,maps/Map5.txt,6,266135,134,7509,10.267439842224121,A*,Manhattan,True,134,10.275734901428223,Map5,A*_Manhattan
2025-08-25T17:20:07.369673,maps/Map5.txt,7,266135,134,7509,9.863194227218628,A*,Manhattan,True,134,9.872220039367676,Map5,A*_Manhattan
2025-08-25T17:20:17.234466,maps/Map5.txt,8,266135,134,7509,9.839562177658081,A*,Manhattan,True,134,9.848440885543823,Map5,A*_Manhattan
2025-08-25T17:20:27.418566,maps/Map5.txt,9,266135,134,7509,10.160981893539429,A*,Manhattan,True,134,10.169984817504883,Map5,A*_Manhattan
2025-08-25T17:20:37.848421,maps/Map5.txt,10,266135,134,7509,10.406005859375,A*,Manhattan,True,134,10.41521692276001,Map5,A*_Manhattan
2025-08-25T17:20:48.406749,maps/Map5.txt,1,266136,134,7319,10.529841184616089,A*,Euclidean,True,134,10.544018030166626,Map5,A*_Euclidean
2025-08-25T17:20:59.059547,maps/Map5.txt,2,266136,134,7319,10.624540090560913,A*,Euclidean,True,134,10.63833236694336,Map5,A*_Euclidean
2025-08-25T17:21:10.139018,maps/Map5.txt,3,266136,134,7319,11.051453351974487,A*,Euclidean,True,134,11.065004825592041,Map5,A*_Euclidean
2025-08-25T17:21:20.792312,maps/Map5.txt,4,266136,134,7319,10.623245000839233,A*,Euclidean,True,134,10.638908863067627,Map5,A*_Euclidean
2025-08-25T17:21:31.384270,maps/Map5.txt,5,266136,134,7319,10.562283992767334,A*,Euclidean,True,134,10.576958894729614,Map5,A*_Euclidean
2025-08-25T17:21:42.269003,maps/Map5.txt,6,266136,134,7319,10.856666803359985,A*,Euclidean,True,134,10.870074033737183,Map5,A*_Euclidean
2025-08-25T17:21:53.077355,maps/Map5.txt,7,266136,134,7319,10.77863883972168,A*,Euclidean,True,134,10.793166875839233,Map5,A*_Euclidean
2025-08-25T17:22:04.429752,maps/Map5.txt,8,266136,134,7319,11.323375940322876,A*,Euclidean,True,134,11.338068008422852,Map5,A*_Euclidean
2025-08-25T17:22:15.625733,maps/Map5.txt,9,266136,134,7319,11.165826082229614,A*,Euclidean,True,134,11.180096864700317,Map5,A*_Euclidean
2025-08-25T17:22:26.575327,maps/Map5.txt,10,266136,134,7319,10.920369863510132,A*,Euclidean,True,134,10.933542966842651,Map5,A*_Euclidean
2025-08-25T17:22:36.998684,maps/Map5.txt,1,266169,134,7470,10.400187253952026,A*,Chebyshev,True,134,10.408231973648071,Map5,A*_Chebyshev
2025-08-25T17:22:47.075911,maps/Map5.txt,2,266169,134,7470,10.053853750228882,A*,Chebyshev,True,134,10.062175989151001,Map5,A*_Chebyshev
2025-08-25T17:22:57.445336,maps/Map5.txt,3,266169,134,7470,10.34633994102478,A*,Chebyshev,True,134,10.354337215423584,Map5,A*_Chebyshev
2025-08-25T17:23:07.357985,maps/Map5.txt,4,266169,134,7470,9.889511823654175,A*,Chebyshev,True,134,9.898157835006714,Map5,A*_Chebyshev
2025-08-25T17:23:17.744322,maps/Map5.txt,5,266169,134,7470,10.36263394355774,A*,Chebyshev,True,134,10.371173858642578,Map5,A*_Chebyshev
2025-08-25T17:23:27.702007,maps/Map5.txt,6,266169,134,7470,9.93490719795227,A*,Chebyshev,True,134,9.943585872650146,Map5,A*_Chebyshev
2025-08-25T17:23:37.682650,maps/Map5.txt,7,266169,134,7470,9.95763611793518,A*,Chebyshev,True,134,9.965655088424683,Map5,A*_Chebyshev
2025-08-25T17:23:47.703268,maps/Map5.txt,8,266169,134,7470,9.996163129806519,A*,Chebyshev,True,134,10.005067110061646,Map5,A*_Chebyshev
2025-08-25T17:23:57.946019,maps/Map5.txt,9,266169,134,7470,10.218104124069214,A*,Chebyshev,True,134,10.22697901725769,Map5,A*_Chebyshev
2025-08-25T17:24:08.486391,maps/Map5.txt,10,266169,134,7470,10.517152070999146,A*,Chebyshev,True,134,10.526124715805054,Map5,A*_Chebyshev
2025-08-25T17:24:17.967144,maps/Map5.txt,1,266208,134,7380,9.45842719078064,A*,Hamming,True,134,9.466835260391235,Map5,A*_Hamming
2025-08-25T17:24:27.436739,maps/Map5.txt,2,266208,134,7380,9.44704294204712,A*,Hamming,True,134,9.45533013343811,Map5,A*_Hamming
2025-08-25T17:24:37.307447,maps/Map5.txt,3,266208,134,7380,9.845921039581299,A*,Hamming,True,134,9.855382919311523,Map5,A*_Hamming
2025-08-25T17:24:47.079651,maps/Map5.txt,4,266208,134,7380,9.748167991638184,A*,Hamming,True,134,9.756950855255127,Map5,A*_Hamming
2025-08-25T17:24:56.431784,maps/Map5.txt,5,266208,134,7380,9.330209016799927,A*,Hamming,True,134,9.338114023208618,Map5,A*_Hamming
2025-08-25T17:25:06.373627,maps/Map5.txt,6,266208,134,7380,9.91919994354248,A*,Hamming,True,134,9.927216291427612,Map5,A*_Hamming
2025-08-25T17:25:15.954725,maps/Map5.txt,7,266208,134,7380,9.558190107345581,A*,Hamming,True,134,9.56610918045044,Map5,A*_Hamming
2025-08-25T17:25:25.471388,maps/Map5.txt,8,266208,134,7380,9.492499828338623,A*,Hamming,True,134,9.501893043518066,Map5,A*_Hamming
2025-08-25T17:25:35.237936,maps/Map5.txt,9,266208,134,7380,9.742772102355957,A*,Hamming,True,134,9.752053022384644,Map5,A*_Hamming
2025-08-25T17:25:45.044565,maps/Map5.txt,10,266208,134,7380,9.782603979110718,A*,Hamming,True,134,9.791669845581055,Map5,A*_Hamming
